--******************************
-- TABLAS
-- Maestras: 7/9
-- Informativas: 0/2
-- Operacionales: 4
-- Transaccionales: 3
-- Relacionales: 1
-- Soporte/Auditoría: 2
--******************************

--******************************
-- SECCION DE BORRADO DE TABLAS
--******************************

DROP TABLE IF EXISTS AUDITORIA;
DROP TABLE IF EXISTS SOPORTE_VIAJERO;
DROP TABLE IF EXISTS FACTURA_DETALLE_VENTA;
DROP TABLE IF EXISTS FACTURA_ENCABEZADO_VENTA;
DROP TABLE IF EXISTS RESERVAS;
DROP TABLE IF EXISTS PLANES_TURISTICOS;
DROP TABLE IF EXISTS TIPOS_DE_PLAN_TURISTICO;
DROP TABLE IF EXISTS FORMAS_DE_PAGO;
DROP TABLE IF EXISTS PERSONAL_AUXILIAR;
DROP TABLE IF EXISTS CARGOS_PER_AUX;
DROP TABLE IF EXISTS USUARIOS_EMPRESA;
DROP TABLE IF EXISTS USUARIOS;
DROP TABLE IF EXISTS PERSONA_ALERGIA;
DROP TABLE IF EXISTS PERSONAS;
DROP TABLE IF EXISTS ALERGIAS;
DROP TABLE IF EXISTS TIPOS_DOCUMENTOS;
DROP TABLE IF EXISTS EMPRESAS;
DROP TABLE IF EXISTS CIUDADES;
DROP TABLE IF EXISTS DEPARTAMENTOS;

-- *******************************
-- SECCIÓN DE CREACIÓN DE TABLAS *
-- *******************************

--******************************
-- MAESTRA
--******************************

CREATE TABLE IF NOT EXISTS DEPARTAMENTOS
(
    ID_DPTO      VARCHAR(2)   NOT NULL,
    NOM_DPTO     VARCHAR(18)  NOT NULL CHECK(LENGTH(NOM_DPTO) >= 3),
    PRIMARY KEY(ID_DPTO)
);

--******************************
-- MAESTRA
--******************************

CREATE TABLE IF NOT EXISTS CIUDADES
(
    ID_CIUDAD      VARCHAR(6)   NOT NULL CHECK(LENGTH(ID_CIUDAD) >= 5),
    NOM_CIUDAD     VARCHAR(27)  NOT NULL CHECK(LENGTH(NOM_CIUDAD) >= 3),
    ID_DPTO        VARCHAR(2)   NOT NULL,
    VAL_ZIP        DECIMAL(6)   NOT NULL CHECK(VAL_ZIP > 0),
    VAL_LATITUD    DECIMAL      NOT NULL,
    VAL_LONGITUD   DECIMAL      NOT NULL,
    PRIMARY KEY(ID_CIUDAD),
    FOREIGN KEY(ID_DPTO) REFERENCES DEPARTAMENTOS(ID_DPTO)
);

--******************************
-- INFORMATIVA / MAESTRA
--******************************

CREATE TABLE IF NOT EXISTS EMPRESAS
(
    ID_EMPRESA              VARCHAR(10)   NOT NULL CHECK(LENGTH(ID_EMPRESA) = 10),
    NOM_EMPRESA             VARCHAR(50)   NOT NULL CHECK(LENGTH(NOM_EMPRESA) >= 2),
    EMAIL_INSTITU_EMPRESA   VARCHAR       NOT NULL CHECK(EMAIL_INSTITU_EMPRESA ~* '^[A-Za-z0-9._%+-]+@[A-Za-z0-9.-]+\.[A-Za-z]{2,}$'),
    NUM_CONTACTO_EMPRESA    DECIMAL(10,0) NOT NULL CHECK(NUM_CONTACTO_EMPRESA >= 1000000),
    ID_CIUDAD               VARCHAR(6)    NOT NULL,
    TIPO_SERVICIO           VARCHAR(20)   NOT NULL DEFAULT 'PLANES' CHECK(TIPO_SERVICIO IN ('VUELOS','HOSPEDAJE','PLANES','AUXILIAR','MULTIPLE')),
    ESTADO_EMPRESA          VARCHAR(10)   NOT NULL DEFAULT 'ACTIVA' CHECK(ESTADO_EMPRESA IN ('ACTIVA','INACTIVA','PENDIENTE')),
    PRIMARY KEY(ID_EMPRESA),
    FOREIGN KEY(ID_CIUDAD) REFERENCES CIUDADES(ID_CIUDAD)
);

--******************************
-- MAESTRA
--******************************

CREATE TABLE IF NOT EXISTS TIPOS_DOCUMENTOS
(
    ID_TIPO_DOC    DECIMAL(1,0) NOT NULL,
    NOM_TIPO_DOC   VARCHAR(21)  NOT NULL CHECK(LENGTH(NOM_TIPO_DOC) >= 2),
    PRIMARY KEY(ID_TIPO_DOC)
);

--******************************
-- MAESTRA
--******************************

CREATE TABLE IF NOT EXISTS ALERGIAS
(
    ID_ALERGIA    DECIMAL(1,0) NOT NULL,
    NOM_ALERGIA   VARCHAR(23)  NOT NULL CHECK(LENGTH(NOM_ALERGIA) >= 2),
    PRIMARY KEY(ID_ALERGIA)
);

--******************************
-- INFORMATIVA / MAESTRA
--******************************

CREATE TABLE IF NOT EXISTS PERSONAS
(
    ID_PERSONA          VARCHAR(10)   NOT NULL CHECK(LENGTH(ID_PERSONA) >= 5),
    ID_TIPO_DOC         DECIMAL(1,0)  NOT NULL,
    GENERO_PERSONA      VARCHAR(10)   NOT NULL CHECK(GENERO_PERSONA IN ('MASCULINO','FEMENINO','NO BINARIO','TRANS')),
    NOM_PERSONA         VARCHAR       NOT NULL CHECK(LENGTH(NOM_PERSONA) >= 2),
    APE_PERSONA         VARCHAR       NOT NULL CHECK(LENGTH(APE_PERSONA) >= 2),
    NUM_CEL_PERSONA     DECIMAL(10,0) NOT NULL CHECK(NUM_CEL_PERSONA >= 3000000000),
    FECHA_NACIMIENTO    DATE          NOT NULL CHECK(FECHA_NACIMIENTO < CURRENT_DATE),
    EMAIL_PERSONA       VARCHAR       NOT NULL CHECK(EMAIL_PERSONA ~* '^[A-Za-z0-9._%+-]+@[A-Za-z0-9.-]+\.[A-Za-z]{2,}$'),
    PRIMARY KEY(ID_PERSONA),
    FOREIGN KEY(ID_TIPO_DOC) REFERENCES TIPOS_DOCUMENTOS(ID_TIPO_DOC)
);

--******************************
-- RELACIONAL
--******************************

CREATE TABLE IF NOT EXISTS PERSONA_ALERGIA
(
    ID_PERSONA   VARCHAR(10)  NOT NULL,
    ID_ALERGIA   DECIMAL(1,0) NOT NULL,
    PRIMARY KEY (ID_PERSONA, ID_ALERGIA),
    FOREIGN KEY (ID_PERSONA) REFERENCES PERSONAS(ID_PERSONA),
    FOREIGN KEY (ID_ALERGIA) REFERENCES ALERGIAS(ID_ALERGIA)
);

--******************************
-- OPERACIONAL: USUARIOS (Viajeros/Admin)
--******************************

CREATE TABLE IF NOT EXISTS USUARIOS
(
    ID_USUARIO    DECIMAL(5,0) NOT NULL,
    ID_PERSONA    VARCHAR(10)  NOT NULL,
    ROL           VARCHAR(10)  NOT NULL DEFAULT 'viajero' CHECK(ROL IN ('viajero','admin')),
    EMAIL_LOGIN   VARCHAR      NOT NULL CHECK(EMAIL_LOGIN ~* '^[A-Za-z0-9._%+-]+@[A-Za-z0-9.-]+\.[A-Za-z]{2,}$'),
    -- Min 8 caracteres, solo letras, números, + y -
    CONTRASENA    VARCHAR(64)  NOT NULL UNIQUE 
                  CHECK(LENGTH(CONTRASENA) >= 8 AND CONTRASENA ~ '^[A-Za-z0-9+-]+$'),
    ESTADO        VARCHAR(10)  NOT NULL DEFAULT 'ACTIVO' CHECK(ESTADO IN ('ACTIVO','INACTIVO','PENDIENTE')),
    PRIMARY KEY(ID_USUARIO),
    FOREIGN KEY(ID_PERSONA) REFERENCES PERSONAS(ID_PERSONA)
);

--******************************
-- OPERACIONAL: USUARIOS_EMPRESA
--******************************

CREATE TABLE IF NOT EXISTS USUARIOS_EMPRESA
(
    ID_USUARIO_EMP   DECIMAL(5,0) NOT NULL,
    ID_EMPRESA       VARCHAR(10)  NOT NULL,
    EMAIL_LOGIN      VARCHAR      NOT NULL CHECK(EMAIL_LOGIN ~* '^[A-Za-z0-9._%+-]+@[A-Za-z0-9.-]+\.[A-Za-z]{2,}$'),
    -- Min 8 caracteres, solo letras, números, + y -
    CONTRASENA       VARCHAR(64)  NOT NULL UNIQUE 
                     CHECK(LENGTH(CONTRASENA) >= 8 AND CONTRASENA ~ '^[A-Za-z0-9+-]+$'),
    ESTADO           VARCHAR(10)  NOT NULL DEFAULT 'ACTIVO' CHECK(ESTADO IN ('ACTIVO','INACTIVO','PENDIENTE')),
    PRIMARY KEY(ID_USUARIO_EMP),
    FOREIGN KEY(ID_EMPRESA) REFERENCES EMPRESAS(ID_EMPRESA)
);

--******************************
-- MAESTRA
--******************************

CREATE TABLE IF NOT EXISTS CARGOS_PER_AUX
(
    ID_CARGO_AUX   DECIMAL(1,0) NOT NULL,
    NOM_CARGO      VARCHAR      NOT NULL CHECK(LENGTH(NOM_CARGO) >= 3),
    SALARIO_CARGO  DECIMAL(10,0) NOT NULL CHECK(SALARIO_CARGO >= 0),
    PRIMARY KEY(ID_CARGO_AUX)
);

--******************************
-- OPERACIONAL
--******************************

CREATE TABLE IF NOT EXISTS PERSONAL_AUXILIAR
(
    ID_PERSONAL_AUXILIAR   DECIMAL(5,0) NOT NULL,
    ID_PERSONA             VARCHAR(10)  NOT NULL,
    ID_CARGO_AUX           DECIMAL(1,0) NOT NULL,
    ID_EMPRESA             VARCHAR(10)  NOT NULL,
    ID_CIUDAD              VARCHAR(6)   NOT NULL,
    DISPONIBILIDAD         BOOLEAN      NOT NULL, -- TRUE=DISPONIBLE / FALSE=OCUPADO
    PRIMARY KEY(ID_PERSONAL_AUXILIAR),
    FOREIGN KEY(ID_PERSONA) REFERENCES PERSONAS(ID_PERSONA),
    FOREIGN KEY(ID_CARGO_AUX) REFERENCES CARGOS_PER_AUX(ID_CARGO_AUX),
    FOREIGN KEY(ID_EMPRESA) REFERENCES EMPRESAS(ID_EMPRESA),
    FOREIGN KEY(ID_CIUDAD) REFERENCES CIUDADES(ID_CIUDAD)
);

--******************************
-- MAESTRA
--******************************

CREATE TABLE IF NOT EXISTS FORMAS_DE_PAGO
(
    ID_FORMA_PAGO    DECIMAL(1,0) NOT NULL,
    NOM_FORMA_PAGO   VARCHAR(22)  NOT NULL CHECK(LENGTH(NOM_FORMA_PAGO) >= 3),
    PRIMARY KEY(ID_FORMA_PAGO)
);

--******************************
-- MAESTRA
--******************************

CREATE TABLE IF NOT EXISTS TIPOS_DE_PLAN_TURISTICO
(
    ID_TIPO_PLAN    DECIMAL(1,0) NOT NULL,
    NOM_TIPO_PLAN   VARCHAR(28)  NOT NULL CHECK(LENGTH(NOM_TIPO_PLAN) >= 3),
    PRIMARY KEY(ID_TIPO_PLAN)
);

--******************************
-- OPERACIONAL
--******************************

CREATE TABLE IF NOT EXISTS PLANES_TURISTICOS
(
    ID_PLAN_TURISTICO        DECIMAL(5,0)  NOT NULL,
    NOM_PLAN_TURISTICO       VARCHAR       NOT NULL CHECK(LENGTH(NOM_PLAN_TURISTICO) >= 5),
    DETALLES_PLAN_TURISTICO  VARCHAR       NOT NULL,
    ID_TIPO_PLAN             DECIMAL(1,0)  NOT NULL,
    PRECIO_PLAN              DECIMAL(12,0) NOT NULL CHECK(PRECIO_PLAN > 0),
    ACCESIBILIDAD            VARCHAR(50)   NOT NULL DEFAULT 'Consultar',
    DISPONIBILIDAD           BOOLEAN       NOT NULL, -- TRUE=DISPONIBLE / FALSE=NO DISPONIBLE
    ID_EMPRESA               VARCHAR(10)   NOT NULL,
    ID_CIUDAD                VARCHAR(6)    NOT NULL,
    PRIMARY KEY(ID_PLAN_TURISTICO),
    FOREIGN KEY(ID_TIPO_PLAN) REFERENCES TIPOS_DE_PLAN_TURISTICO(ID_TIPO_PLAN),
    FOREIGN KEY(ID_EMPRESA) REFERENCES EMPRESAS(ID_EMPRESA),
    FOREIGN KEY(ID_CIUDAD) REFERENCES CIUDADES(ID_CIUDAD)
);

--******************************
-- TRANSACCIONAL
--******************************

CREATE TABLE IF NOT EXISTS RESERVAS
(
    ID_RESERVA          DECIMAL(10,0) NOT NULL,
    ID_USUARIO          DECIMAL(5,0)  NOT NULL,
    FECHA_RESERVA       DATE          NOT NULL DEFAULT CURRENT_DATE,
    MENORES             BOOLEAN       NOT NULL, -- TRUE= SI VIAJAN / FALSE= NO VIAJAN
    NUM_MENORES         DECIMAL(2,0)  NOT NULL CHECK(NUM_MENORES >= 0),
    ID_PLAN_TURISTICO   DECIMAL(5,0)  NOT NULL,
    NUM_USUARIOS        DECIMAL(2,0)  NOT NULL CHECK(NUM_USUARIOS > 0),
    ID_FORMA_PAGO       DECIMAL(1,0)  NOT NULL,
    PRIMARY KEY(ID_RESERVA),
    FOREIGN KEY(ID_USUARIO) REFERENCES USUARIOS(ID_USUARIO),
    FOREIGN KEY(ID_PLAN_TURISTICO) REFERENCES PLANES_TURISTICOS(ID_PLAN_TURISTICO),
    FOREIGN KEY(ID_FORMA_PAGO) REFERENCES FORMAS_DE_PAGO(ID_FORMA_PAGO)
);

--******************************
-- SOPORTE
-- Soporte que la empresa atiende al viajero
--******************************

CREATE TABLE IF NOT EXISTS SOPORTE_VIAJERO
(
    ID_SOPORTE          SERIAL          NOT NULL,
    ID_USUARIO          DECIMAL(5,0)    NOT NULL,                   -- viajero que genera la solicitud
    ID_EMPRESA          VARCHAR(10)     NOT NULL,                   -- empresa que debe atenderla
    ID_RESERVA          DECIMAL(10,0),                               -- reserva relacionada (opcional)
    FECHA_SOLICITUD     TIMESTAMP       NOT NULL DEFAULT NOW(),
    MOTIVO              VARCHAR(100)    NOT NULL CHECK(LENGTH(MOTIVO) >= 10), -- descripción breve del problema
    PRIORIDAD           VARCHAR(10)     NOT NULL DEFAULT 'MEDIA' CHECK(PRIORIDAD IN ('ALTA','MEDIA','BAJA')),   -- ALTA / MEDIA / BAJA
    ESTADO              VARCHAR(12)     NOT NULL DEFAULT 'ABIERTA' CHECK(ESTADO IN ('ABIERTA','EN_PROCESO','RESUELTA','CERRADA')), -- ABIERTA / EN_PROCESO / RESUELTA / CERRADA
    RESPUESTA_EMPRESA   VARCHAR(300),                               -- respuesta o acción tomada por la empresa
    FECHA_CIERRE        TIMESTAMP,
    PRIMARY KEY(ID_SOPORTE),
    FOREIGN KEY(ID_USUARIO) REFERENCES USUARIOS(ID_USUARIO),
    FOREIGN KEY(ID_EMPRESA) REFERENCES EMPRESAS(ID_EMPRESA),
    FOREIGN KEY(ID_RESERVA) REFERENCES RESERVAS(ID_RESERVA)
);

--******************************
-- TRANSACCIONAL
--******************************

CREATE TABLE IF NOT EXISTS FACTURA_ENCABEZADO_VENTA
(
    ID_FAC_ENCA_VEN   DECIMAL(10,0) NOT NULL,
    FECHA_EMISION     DATE          NOT NULL DEFAULT CURRENT_DATE,
    ID_USUARIO        DECIMAL(5,0)  NOT NULL,
    ID_RESERVA        DECIMAL(10,0) NOT NULL,
    ID_CIUDAD         VARCHAR(6)    NOT NULL,
    ESTADO_PAGO       VARCHAR(9)    NOT NULL CHECK(ESTADO_PAGO IN ('PAGO','PENDIENTE','CANCELADO')), -- PAGO / PENDIENTE / CANCELADO
    PRIMARY KEY(ID_FAC_ENCA_VEN),
    FOREIGN KEY(ID_USUARIO) REFERENCES USUARIOS(ID_USUARIO),
    FOREIGN KEY(ID_RESERVA) REFERENCES RESERVAS(ID_RESERVA),
    FOREIGN KEY(ID_CIUDAD) REFERENCES CIUDADES(ID_CIUDAD)
);

--******************************
-- TRANSACCIONAL
--******************************

CREATE TABLE IF NOT EXISTS FACTURA_DETALLE_VENTA
(
    ID_FAC_DET_VEN     DECIMAL(10,0) NOT NULL,
    ID_FAC_ENCA_VEN    DECIMAL(10,0) NOT NULL,
    LINEA_ITEM         DECIMAL(2,0)  NOT NULL CHECK(LINEA_ITEM > 0),
    ID_PLAN_TURISTICO  DECIMAL(5,0)  NOT NULL,
    PRECIO_UNITARIO    DECIMAL(12,0) NOT NULL CHECK(PRECIO_UNITARIO >= 0),
    ID_FORMA_PAGO      DECIMAL(1,0)  NOT NULL,
    SUB_TOTAL          DECIMAL(12,0) NOT NULL CHECK(SUB_TOTAL >= 0),
    DESCUENTO          DECIMAL(12,0) NOT NULL DEFAULT 0 CHECK(DESCUENTO >= 0),
    VALOR_IVA          DECIMAL(5,2)  NOT NULL CHECK(VALOR_IVA >= 0), -- Porcentaje (Ej: 19.00)
    VALOR_TOTAL        DECIMAL(12,0) NOT NULL CHECK(VALOR_TOTAL >= 0),
    PRIMARY KEY(ID_FAC_DET_VEN),
    FOREIGN KEY(ID_FAC_ENCA_VEN) REFERENCES FACTURA_ENCABEZADO_VENTA(ID_FAC_ENCA_VEN),
    FOREIGN KEY(ID_PLAN_TURISTICO) REFERENCES PLANES_TURISTICOS(ID_PLAN_TURISTICO),
    FOREIGN KEY(ID_FORMA_PAGO) REFERENCES FORMAS_DE_PAGO(ID_FORMA_PAGO)
);

--******************************
-- AUDITORIA
--******************************

CREATE TABLE IF NOT EXISTS AUDITORIA
(
    ID_AUDITORIA       SERIAL          NOT NULL,
    FECHA_HORA         TIMESTAMP       NOT NULL DEFAULT NOW(),
    ID_USUARIO         DECIMAL(5,0),
    ROL_USUARIO        VARCHAR(10),
    ACCION             VARCHAR(20)     NOT NULL, -- LOGIN / LOGOUT / INSERT / UPDATE / DELETE / INACTIVAR / RESERVA / PAGO
    TABLA_AFECTADA     VARCHAR(30),
    ID_REGISTRO        VARCHAR(20),
    DESCRIPCION        VARCHAR(200),
    IP_ORIGEN          VARCHAR(45),
    RESULTADO          VARCHAR(10)     NOT NULL DEFAULT 'EXITOSO' CHECK(RESULTADO IN ('EXITOSO','FALLIDO')), -- EXITOSO / FALLIDO
    PRIMARY KEY(ID_AUDITORIA),
    FOREIGN KEY(ID_USUARIO) REFERENCES USUARIOS(ID_USUARIO)
);

-- ****************************
-- SECCIÓN DE DATOS INSERTADOS
-- ****************************

-- *********************************
-- POBLADO TABLA DE DEPARTAMENTOS
-- *********************************

INSERT INTO DEPARTAMENTOS VALUES('68','SANTANDER');

-- ******************************
-- POBLADO TABLA DE CIUDADES
-- ******************************
INSERT INTO CIUDADES VALUES('68001','BUCARAMANGA','68','68001',7.118671,-73.116674);
INSERT INTO CIUDADES VALUES('68013','AGUADA','68','68013',6.162222,-73.523056);
INSERT INTO CIUDADES VALUES('68020','ALBANIA','68','68020',5.758611,-73.913611);
INSERT INTO CIUDADES VALUES('68051','ARATOCA','68','68051',6.694167,-73.018889);
INSERT INTO CIUDADES VALUES('68077','BARBOSA','68','68077',5.932778,-73.615278);
INSERT INTO CIUDADES VALUES('68079','BARICHARA','68','68079',6.635278,-73.223611);
INSERT INTO CIUDADES VALUES('68081','BARRANCABERMEJA','68','68081',7.065278,-73.854722);
INSERT INTO CIUDADES VALUES('68092','BETULIA','68','68092',6.9,-73.283333);
INSERT INTO CIUDADES VALUES('68101','BOLÍVAR','68','68101',6.038889,-73.770833);
INSERT INTO CIUDADES VALUES('68121','CABRERA','68','68121',6.591389,-73.243056);
INSERT INTO CIUDADES VALUES('68132','CALIFORNIA','68','68132',7.347222,-72.946667);
INSERT INTO CIUDADES VALUES('68147','CAPITANEJO','68','68147',6.528611,-72.695833);
INSERT INTO CIUDADES VALUES('68152','CARCASÍ','68','68152',6.6275,-72.626944);
INSERT INTO CIUDADES VALUES('68160','CEPITÁ','68','68160',6.753611,-72.974722);
INSERT INTO CIUDADES VALUES('68162','CERRITO','68','68162',6.843611,-72.696667);
INSERT INTO CIUDADES VALUES('68167','CHARALÁ','68','68167',6.285278,-73.147222);
INSERT INTO CIUDADES VALUES('68169','CHARTA','68','68169',7.280278,-72.966111);
INSERT INTO CIUDADES VALUES('68176','CHIMA','68','68176',6.345833,-73.371667);
INSERT INTO CIUDADES VALUES('68179','CHIPATÁ','68','68179',6.061111,-73.636944);
INSERT INTO CIUDADES VALUES('68190','CIMITARRA','68','68190',6.316389,-73.949722);
INSERT INTO CIUDADES VALUES('68207','CONCEPCIÓN','68','68207',6.759167,-72.695833);
INSERT INTO CIUDADES VALUES('68209','CONFINES','68','68209',6.348611,-73.240556);
INSERT INTO CIUDADES VALUES('68211','CONTRATACIÓN','68','68211',6.290833,-73.473056);
INSERT INTO CIUDADES VALUES('68217','COROMORO','68','68217',6.294167,-73.040278);
INSERT INTO CIUDADES VALUES('68229','CURITÍ','68','68229',6.605556,-73.0675);
INSERT INTO CIUDADES VALUES('68235','EL CARMEN DE CHUCURÍ','68','68235',6.698333,-73.511667);
INSERT INTO CIUDADES VALUES('68245','EL GUACAMAYO','68','68245',6.248333,-73.496389);
INSERT INTO CIUDADES VALUES('68250','EL PEÑÓN','68','68250',6.055556,-73.813889);
INSERT INTO CIUDADES VALUES('68255','EL PLAYÓN','68','68255',7.471944,-73.203333);
INSERT INTO CIUDADES VALUES('68264','ENCINO','68','68264',6.138611,-72.792222);
INSERT INTO CIUDADES VALUES('68266','ENCISO','68','68266',6.668889,-72.707778);
INSERT INTO CIUDADES VALUES('68271','FLORIÁN','68','68271',5.804167,-73.97);
INSERT INTO CIUDADES VALUES('68276','FLORIDABLANCA','68','68276',7.062222,-73.086389);
INSERT INTO CIUDADES VALUES('68296','GALÁN','68','68296',6.662778,-73.289167);
INSERT INTO CIUDADES VALUES('68298','GAMBITA','68','68298',5.950556,-73.344167);
INSERT INTO CIUDADES VALUES('68307','GIRÓN','68','68307',7.068056,-73.169722);
INSERT INTO CIUDADES VALUES('68318','GUACA','68','68318',6.876389,-72.855556);
INSERT INTO CIUDADES VALUES('68320','GUADALUPE','68','68320',6.246389,-73.418611);
INSERT INTO CIUDADES VALUES('68322','GUAPOTÁ','68','68322',6.308056,-73.3275);
INSERT INTO CIUDADES VALUES('68324','GUAVATÁ','68','68324',5.955556,-73.700278);
INSERT INTO CIUDADES VALUES('68327','GÜEPSA','68','68327',6.025556,-73.573889);
INSERT INTO CIUDADES VALUES('68344','HATO','68','68344',6.544444,-73.308333);
INSERT INTO CIUDADES VALUES('68368','JESÚS MARÍA','68','68368',5.8775,-73.781944);
INSERT INTO CIUDADES VALUES('68370','JORDÁN','68','68370',6.6975,-73.095556);
INSERT INTO CIUDADES VALUES('68377','LA BELLEZA','68','68377',6.181944,-73.961111);
INSERT INTO CIUDADES VALUES('68385','LANDÁZURI','68','68385',6.217222,-73.811111);
INSERT INTO CIUDADES VALUES('68397','LA PAZ','68','68397',6.178056,-73.585);
INSERT INTO CIUDADES VALUES('68406','LEBRIJA','68','68406',7.113889,-73.2175);
INSERT INTO CIUDADES VALUES('68418','LOS SANTOS','68','68418',6.799167,-73.095556);
INSERT INTO CIUDADES VALUES('68425','MACARAVITA','68','68425',6.505278,-72.593333);
INSERT INTO CIUDADES VALUES('68432','MÁLAGA','68','68432',6.699722,-72.732222);
INSERT INTO CIUDADES VALUES('68444','MATANZA','68','68444',7.322778,-73.015556);
INSERT INTO CIUDADES VALUES('68464','MOGOTES','68','68464',6.474167,-72.97);
INSERT INTO CIUDADES VALUES('68468','MOLAGAVITA','68','68468',6.673889,-72.808056);
INSERT INTO CIUDADES VALUES('68498','OCAMONTE','68','68498',6.340556,-73.122222);
INSERT INTO CIUDADES VALUES('68500','OIBA','68','68500',6.263056,-73.299167);
INSERT INTO CIUDADES VALUES('68502','ONZAGA','68','68502',6.344444,-72.817778);
INSERT INTO CIUDADES VALUES('68522','PALMAR','68','68522',6.4975,-73.287778);
INSERT INTO CIUDADES VALUES('68524','PALMAS DEL SOCORRO','68','68524',6.407222,-73.287222);
INSERT INTO CIUDADES VALUES('68533','PÁRAMO','68','68533',6.4375,-72.964444);
INSERT INTO CIUDADES VALUES('68547','PIEDECUESTA','68','68547',6.987778,-73.049722);
INSERT INTO CIUDADES VALUES('68549','PINCHOTE','68','68549',6.532222,-73.173611);
INSERT INTO CIUDADES VALUES('68572','PUENTE NACIONAL','68','68572',5.8775,-73.678889);
INSERT INTO CIUDADES VALUES('68573','PUERTO PARRA','68','68573',6.651389,-73.948889);
INSERT INTO CIUDADES VALUES('68575','PUERTO WILCHES','68','68575',7.348611,-73.896111);
INSERT INTO CIUDADES VALUES('68615','RIONEGRO','68','68615',7.265556,-73.150833);
INSERT INTO CIUDADES VALUES('68655','SABANA DE TORRES','68','68655',7.391667,-73.496944);
INSERT INTO CIUDADES VALUES('68669','SAN ANDRÉS','68','68669',6.811111,-72.849444);
INSERT INTO CIUDADES VALUES('68673','SAN BENITO','68','68673',6.103889,-73.5075);
INSERT INTO CIUDADES VALUES('68679','SAN GIL','68','68679',6.551389,-73.133889);
INSERT INTO CIUDADES VALUES('68682','SAN JOAQUÍN','68','68682',6.465278,-72.85);
INSERT INTO CIUDADES VALUES('68684','SAN JOSÉ DE MIRANDA','68','68684',6.657778,-72.731944);
INSERT INTO CIUDADES VALUES('68686','SAN MIGUEL','68','68686',6.575,-72.645);
INSERT INTO CIUDADES VALUES('68689','SAN VICENTE DE CHUCURÍ','68','68689',6.881111,-73.409722);
INSERT INTO CIUDADES VALUES('68705','SANTA BÁRBARA','68','68705',6.990833,-72.907778);
INSERT INTO CIUDADES VALUES('68720','SANTA HELENA DEL OPÓN','68','68720',6.339444,-73.585556);
INSERT INTO CIUDADES VALUES('68745','SIMACOTA','68','68745',6.442778,-73.3375);
INSERT INTO CIUDADES VALUES('68755','SOCORRO','68','68755',6.468611,-73.260278);
INSERT INTO CIUDADES VALUES('68770','SUAITA','68','68770',6.098333,-73.440556);
INSERT INTO CIUDADES VALUES('68773','SUCRE','68','68773',5.918056,-73.791667);
INSERT INTO CIUDADES VALUES('68780','SURATÁ','68','68780',7.366389,-72.983056);
INSERT INTO CIUDADES VALUES('68820','TONA','68','68820',7.202778,-72.971111);
INSERT INTO CIUDADES VALUES('68842','VALLE DE SAN JOSÉ','68','68842',6.419444,-73.142222);
INSERT INTO CIUDADES VALUES('68855','VÉLEZ','68','68855',6.010833,-73.673889);
INSERT INTO CIUDADES VALUES('68861','VETAS','68','68861',7.308056,-72.871111);
INSERT INTO CIUDADES VALUES('68867','VILLANUEVA','68','68867',6.671111,-73.173611);
INSERT INTO CIUDADES VALUES('68872','ZAPATOCA','68','68872',6.815278,-73.2675);

-- *************************************
-- POBLADO TABLA DE TIPOS DE DOCUMENTO
-- *************************************
INSERT INTO TIPOS_DOCUMENTOS VALUES(1,'REGISTRO CIVIL');
INSERT INTO TIPOS_DOCUMENTOS VALUES(2,'TARJETA DE IDENTIDAD');
INSERT INTO TIPOS_DOCUMENTOS VALUES(3,'CEDULA DE CIUDADANIA');
INSERT INTO TIPOS_DOCUMENTOS VALUES(4,'PASAPORTE');
INSERT INTO TIPOS_DOCUMENTOS VALUES(5,'CEDULA DE EXTRANJERIA');

-- *****************************
-- POBLADO TABLA DE ALERGIAS
-- *****************************

INSERT INTO ALERGIAS VALUES(0,'NO APLICA');
INSERT INTO ALERGIAS VALUES(1,'RINITIS ALERGICA');
INSERT INTO ALERGIAS VALUES(2,'RINOREA');
INSERT INTO ALERGIAS VALUES(3,'CONJUNTIVITIS ALERGICA');
INSERT INTO ALERGIAS VALUES(4,'ASMA ALERGICA');
INSERT INTO ALERGIAS VALUES(5,'DERMATITIS ATÓTICA');
INSERT INTO ALERGIAS VALUES(6,'URTICARIA');
INSERT INTO ALERGIAS VALUES(7,'DERMATITIS POR CONTACTO');
INSERT INTO ALERGIAS VALUES(8,'ALIMENTICIA');

-- ****************************
-- POBLADO TABLA DE PERSONAS
-- ****************************
-- Viajeros y Admin
INSERT INTO PERSONAS VALUES('1011123456',3,'FEMENINO', 'ANA', 'GOMEZ', 3001234567,'2000-05-14','ANA.GOMEZ.01@MAIL.COM');
INSERT INTO PERSONAS VALUES('1022234567',3,'MASCULINO','CARLOS', 'RAMIREZ', 3012223344,'2003-01-22','CARLOS.RAMIREZ.05@MAIL.COM');
INSERT INTO PERSONAS VALUES('1066678901',3,'MASCULINO','ANDRES', 'CASTRO', 3118889900,'2004-06-30','ANDRES.CASTRO.80@MAIL.COM');
INSERT INTO PERSONAS VALUES('1077789012',4,'FEMENINO', 'SOFIA', 'VEGA', 3165554433,'1995-12-31','SOFIA.VEGA.58@MAIL.COM');
INSERT INTO PERSONAS VALUES('1111123456',4,'FEMENINO', 'LAURA', 'GUZMAN', 3002221100,'2002-08-19','LAURA.GUZMAN.11@MAIL.COM');
INSERT INTO PERSONAS VALUES('1122234567',4,'MASCULINO','DIEGO', 'ROJAS', 3137778899,'2006-02-02','DIEGO.ROJAS.13@MAIL.COM');
INSERT INTO PERSONAS VALUES('1133345678',5,'FEMENINO', 'VALERIA', 'SIERRA', 3121113344,'2001-10-10','VALERIA.SIERRA.30@MAIL.COM');
INSERT INTO PERSONAS VALUES('1177789012',5,'FEMENINO', 'DIANA', 'MENDEZ', 3196665544,'1991-05-07','DIANA.MENDEZ.15@MAIL.COM');
INSERT INTO PERSONAS VALUES('1188890123',4,'MASCULINO','NELSON', 'SILVA', 3023332211,'1999-11-20','NELSON.SILVA.51@MAIL.COM');
INSERT INTO PERSONAS VALUES('1255567890',3,'FEMENINO', 'NATALIA', 'PARDO', 3108887766,'1997-04-03','NATALIA.PARDO.70@MAIL.COM');
INSERT INTO PERSONAS VALUES('5682256981',3,'MASCULINO','CARLOS', 'CHAPARRO', 3174613395,'1990-03-15','VIAJERO@TOURISMEASY.COM');
INSERT INTO PERSONAS VALUES('0000000001',3,'MASCULINO','ADMINISTRADOR', 'TOURISMEASY', 3179998877,'1990-01-01','ADMIN@TOURISMEASY.COM');
INSERT INTO PERSONAS VALUES('1266678901',3,'MASCULINO','ROBERTO', 'MOLINA', 3006665544,'2005-07-28','ROBERTO.MOLINA.17@MAIL.COM');
INSERT INTO PERSONAS VALUES('1300012345',3,'MASCULINO','MARIO', 'GIRALDO', 3153456789,'1993-09-13','MARIO.GIRALDO.18@MAIL.COM');
INSERT INTO PERSONAS VALUES('1311123456',3,'FEMENINO', 'CECILIA', 'VELEZ', 3162345678,'1998-08-15','CECILIA.VELEZ.82@MAIL.COM');
INSERT INTO PERSONAS VALUES('1322234567',3,'MASCULINO','FABIAN', 'SERNA', 3178901234,'1996-03-11','FABIAN.SERNA.90@MAIL.COM');
INSERT INTO PERSONAS VALUES('1333345678',3,'FEMENINO', 'CLARA', 'RESTREPO', 3005678901,'1991-04-26','CLARA.RESTREPO.92@MAIL.COM');
INSERT INTO PERSONAS VALUES('1400012345',3,'MASCULINO','DANIEL', 'PARDO', 3159990011,'2003-07-05','DANIEL.PARDO.20@MAIL.COM');
INSERT INTO PERSONAS VALUES('1411123456',3,'FEMENINO', 'VIVIANA', 'SERNA', 3010001122,'2005-12-01','VIVIANA.SERNA.24@MAIL.COM');
INSERT INTO PERSONAS VALUES('1422234567',3,'MASCULINO','JAIRO', 'MONTES', 3175556677,'1992-09-23','JAIRO.MONTES.23@MAIL.COM');
INSERT INTO PERSONAS VALUES('1433345678',3,'FEMENINO', 'ROSARIO', 'CANO', 3184443322,'1996-12-12','ROSARIO.CANO.26@MAIL.COM');
INSERT INTO PERSONAS VALUES('1477789012',3,'FEMENINO', 'DANIELA', 'DUQUE', 3192221100,'2000-07-12','DANIELA.DUQUE.58@MAIL.COM');
INSERT INTO PERSONAS VALUES('1488890123',3,'MASCULINO','OSCAR', 'VARGAS', 3001110099,'2004-03-02','OSCAR.VARGAS.59@MAIL.COM');
INSERT INTO PERSONAS VALUES('1555567890',3,'FEMENINO', 'BEATRIZ', 'PARDO', 3151110099,'2001-01-01','BEATRIZ.PARDO.75@MAIL.COM');
INSERT INTO PERSONAS VALUES('1566678901',4,'MASCULINO','CESAR', 'GOMEZ', 3106665544,'1990-09-20','CESAR.GOMEZ.77@MAIL.COM');
INSERT INTO PERSONAS VALUES('1577789012',4,'MASCULINO','ESTEBAN', 'ROZO', 3184567890,'1998-04-18','ESTEBAN.ROZO.41@MAIL.COM');
INSERT INTO PERSONAS VALUES('1588890123',4,'FEMENINO', 'MONICA', 'HERRERA', 3009876543,'1999-10-21','MONICA.HERRERA.46@MAIL.COM');

-- ***********************************
-- POBLADO TABLA DE PERSONAS_ALERGIA
-- ***********************************

INSERT INTO PERSONA_ALERGIA VALUES('1011123456', 1);
INSERT INTO PERSONA_ALERGIA VALUES('1066678901', 3);
INSERT INTO PERSONA_ALERGIA VALUES('1077789012', 2);
INSERT INTO PERSONA_ALERGIA VALUES('1111123456', 4);
INSERT INTO PERSONA_ALERGIA VALUES('1133345678', 5);
INSERT INTO PERSONA_ALERGIA VALUES('1255567890', 4);
INSERT INTO PERSONA_ALERGIA VALUES('1311123456', 3);

-- *********************************
-- POBLADO TABLA DE EMPRESAS 
-- *********************************

INSERT INTO EMPRESAS VALUES('9010058882','DESTINOS MAGICOS COLOMBIA S.A.S', 'INFO@DESTINOSMAGICOS.COM.CO', 6076451122,'68001','PLANES', 'ACTIVA');
INSERT INTO EMPRESAS VALUES('8305551119','ALOJAMIENTO CAMPESTRE SOL Y LUNA LTDA', 'RESERVAS@SOLYLUNA.COM.CO', 6013214567,'68547','HOSPEDAJE','ACTIVA');
INSERT INTO EMPRESAS VALUES('9008763215','AVENTUREROS DEL CHICAMOCHA S.A.S', 'CONTACTO@AVENTUREROSCHICAMOCHA.COM.CO', 6045551234,'68679','PLANES', 'ACTIVA');
INSERT INTO EMPRESAS VALUES('8005768234','TURISMO SOL Y CARIBE S.A.S', 'CONTACTO@TURISMOSOLYCARIBE.COM', 6081234567,'68872','PLANES', 'ACTIVA');
INSERT INTO EMPRESAS VALUES('7028569447','VIAJES UNICOS S.A.S', 'INFO@VIAJESUNICOS.COM.CO', 6059876543,'68615','PLANES', 'ACTIVA');
INSERT INTO EMPRESAS VALUES('8901005776','AVIANCA S.A.', 'NOTIFICACIONES@AVIANCA.COM', 6013073940,'68406','VUELOS', 'ACTIVA');
INSERT INTO EMPRESAS VALUES('8907041966','LATAM AIRLINES COLOMBIA', 'CUSTOMER_SERVICE@SAC.LATAM.COM', 6015185800,'68615','VUELOS', 'ACTIVA');
INSERT INTO EMPRESAS VALUES('8001857811','WINGO (AEROREPÚBLICA S.A.)', 'NOTIFICACIONES@WINGO.COM', 6013078133,'68679','VUELOS', 'ACTIVA');
INSERT INTO EMPRESAS VALUES('8999991434','SATENA', 'NOTIFICACIONES@SATENA.COM', 6013078121,'68705','VUELOS', 'ACTIVA');
INSERT INTO EMPRESAS VALUES('9001551017','CLIC AIR (EASYFLY)', 'SERVICIOALCLIENTE@CLICAIRLINE.CO', 6017569090,'68406','VUELOS', 'ACTIVA');
INSERT INTO EMPRESAS VALUES('8060001793','HOTELES DECAMERON COLOMBIA S.A.S.', 'HABEASDATA@DECAMERON.COM', 6012193000,'68547','HOSPEDAJE','ACTIVA');
INSERT INTO EMPRESAS VALUES('8903040993','HOTELES ESTELAR S.A.', 'SIEMPREESTELAR@HOTELESESTELAR.COM', 6028823225,'68679','HOSPEDAJE','ACTIVA');
INSERT INTO EMPRESAS VALUES('9007600116','LOGÍSTICA GHL S.A.S. (GHL HOTELES)', 'PROTECCIONDATOS@GHLHOTELES.COM', 6013139500,'68276','HOSPEDAJE','ACTIVA');
INSERT INTO EMPRESAS VALUES('9005218077','GLOBAL OPERADORA HOTELERA S.A.S.', 'NOTIFICACIONES@MOVICHHOTELS.COM', 6014824466,'68615','HOSPEDAJE','ACTIVA');
INSERT INTO EMPRESAS VALUES('9003049409','TVHA S.A.S. BIC (ON VACATION)', 'SERVICIOALCLIENTE@ONVACATION.COM', 6013078080,'68872','HOSPEDAJE','ACTIVA');
INSERT INTO EMPRESAS VALUES('8002469858','ADMINISTRADORA HOTELERA DANN S.A.S.', 'HABEASDATA@HOTELESDANN.COM', 6016461885,'68872','HOSPEDAJE','ACTIVA');
INSERT INTO EMPRESAS VALUES('8300766573','FUNDACIÓN CARVAJAL (SECTOR SOCIAL)', 'FUNDACIONCARVAJAL@CARVAJAL.COM', 6024880000,'68406','AUXILIAR', 'ACTIVA');
INSERT INTO EMPRESAS VALUES('9005218211','FADIS COLOMBIA S.A.S.', 'INFO@FADISCOLOMBIA.ORG', 6017943500,'68705','AUXILIAR', 'ACTIVA');
INSERT INTO EMPRESAS VALUES('8002520008','FUNDACIÓN SALDARRIAGA CONCHA', 'COMUNICACIONES@SALDARRIAGACONCHA.ORG', 6017421370,'68406','AUXILIAR', 'INACTIVA');
INSERT INTO EMPRESAS VALUES('9003778474','IPS SER ASISTENCIA (TRANSPORTE)', 'CONTACTO@SERASISTENCIA.CO', 6013267562,'68276','AUXILIAR', 'ACTIVA');
INSERT INTO EMPRESAS VALUES('9003016211','FUNDACIÓN TOBE', 'INFO@FUNDACIONTOBE.ORG', 6019204789,'68001','AUXILIAR', 'ACTIVA');

-- *****************************
-- POBLADO TABLA DE USUARIOS 
-- *****************************

INSERT INTO USUARIOS VALUES(1, '1011123456','viajero','ANA.GOMEZ.01@MAIL.COM', 'AmoViajar2026', 'ACTIVO');
INSERT INTO USUARIOS VALUES(2, '1022234567','viajero','CARLOS.RAMIREZ.05@MAIL.COM', 'CafeConLeche-10', 'ACTIVO');
INSERT INTO USUARIOS VALUES(3, '1066678901','viajero','ANDRES.CASTRO.80@MAIL.COM', 'Bucaramanga-2026', 'ACTIVO');
INSERT INTO USUARIOS VALUES(4, '1077789012','viajero','SOFIA.VEGA.58@MAIL.COM', 'GatosYPerros+1', 'ACTIVO');
INSERT INTO USUARIOS VALUES(5, '1111123456','viajero','LAURA.GUZMAN.11@MAIL.COM', 'ColombiaTierraQuerida', 'ACTIVO');
INSERT INTO USUARIOS VALUES(6, '1122234567','viajero','DIEGO.ROJAS.13@MAIL.COM', 'ClaveSegura-99', 'ACTIVO');
INSERT INTO USUARIOS VALUES(7, '1133345678','viajero','VALERIA.SIERRA.30@MAIL.COM', 'PizzaConPina-No', 'ACTIVO');
INSERT INTO USUARIOS VALUES(8, '1177789012','viajero','DIANA.MENDEZ.15@MAIL.COM', 'AtardecerEnSantander', 'ACTIVO');
INSERT INTO USUARIOS VALUES(9, '1188890123','viajero','NELSON.SILVA.51@MAIL.COM', 'NelsonPro2026+', 'ACTIVO');
INSERT INTO USUARIOS VALUES(10,'1255567890','viajero','NATALIA.PARDO.70@MAIL.COM', 'NatiViajera-22', 'ACTIVO');
INSERT INTO USUARIOS VALUES(11,'5682256981','viajero','VIAJERO@TOURISMEASY.COM', 'Tourismeasy-Plus', 'ACTIVO');
INSERT INTO USUARIOS VALUES(12,'0000000001','admin', 'ADMIN@TOURISMEASY.COM', 'Admin123+', 'ACTIVO');
INSERT INTO USUARIOS VALUES(13,'1266678901','viajero','ROBERTO.MOLINA.17@MAIL.COM', 'Rmolina-888', 'ACTIVO');
INSERT INTO USUARIOS VALUES(14,'1300012345','viajero','MARIO.GIRALDO.18@MAIL.COM', 'MarioG-Sistemas', 'ACTIVO');
INSERT INTO USUARIOS VALUES(15,'1311123456','viajero','CECILIA.VELEZ.82@MAIL.COM', 'CeciVelez-2026', 'ACTIVO');
INSERT INTO USUARIOS VALUES(16,'1322234567','viajero','FABIAN.SERNA.90@MAIL.COM', 'FabianSerna+SQL', 'ACTIVO');
INSERT INTO USUARIOS VALUES(17,'1333345678','viajero','CLARA.RESTREPO.92@MAIL.COM', 'ClaraR-Plus', 'ACTIVO');
INSERT INTO USUARIOS VALUES(18,'1400012345','viajero','DANIEL.PARDO.20@MAIL.COM', 'DanielP-Mundial', 'ACTIVO');
INSERT INTO USUARIOS VALUES(19,'1411123456','viajero','VIVIANA.SERNA.24@MAIL.COM', 'ViviS-Linda-2026', 'ACTIVO');
INSERT INTO USUARIOS VALUES(20,'1422234567','viajero','JAIRO.MONTES.23@MAIL.COM', 'JairoMontes-2026', 'ACTIVO');
INSERT INTO USUARIOS VALUES(21,'1433345678','viajero','ROSARIO.CANO.26@MAIL.COM', 'RosarioC-2026', 'ACTIVO');
INSERT INTO USUARIOS VALUES(22,'1477789012','viajero','DANIELA.DUQUE.58@MAIL.COM', 'DaniDuque-2026', 'ACTIVO');

-- ***********************************
-- POBLADO TABLA DE USUARIOS_EMPRESA 
-- ***********************************

INSERT INTO USUARIOS_EMPRESA VALUES(1,'9010058882','INFO@DESTINOSMAGICOS.COM.CO', 'DestinosM-2026+', 'ACTIVO');
INSERT INTO USUARIOS_EMPRESA VALUES(2,'8305551119','RESERVAS@SOLYLUNA.COM.CO', 'SolYLuna-Reserva26', 'ACTIVO');
INSERT INTO USUARIOS_EMPRESA VALUES(3,'9008763215','CONTACTO@AVENTUREROSCHICAMOCHA.COM.CO','AventuraChica+2026', 'ACTIVO');
INSERT INTO USUARIOS_EMPRESA VALUES(4,'8901005776','NOTIFICACIONES@AVIANCA.COM', 'Avianca1+', 'ACTIVO');
INSERT INTO USUARIOS_EMPRESA VALUES(5,'8060001793','HABEASDATA@DECAMERON.COM', 'DecameronAdmin+26', 'ACTIVO');

-- ********************************************
-- POBLADO TABLA DE CARGOS PERSONAL AUXILIAR 
-- ********************************************

INSERT INTO CARGOS_PER_AUX VALUES(1,'ENFERMERO', 1600000);
INSERT INTO CARGOS_PER_AUX VALUES(2,'GUIA TURISTICO', 1700000);
INSERT INTO CARGOS_PER_AUX VALUES(3,'AU PAIR', 1500000);
INSERT INTO CARGOS_PER_AUX VALUES(4,'ASISTENTE TURISTICO', 1500000);
INSERT INTO CARGOS_PER_AUX VALUES(5,'INTÉRPRETE DE LENGUA DE SEÑAS', 1800000);
INSERT INTO CARGOS_PER_AUX VALUES(6,'GUÍA PARA DISCAPACIDAD VISUAL', 1750000);
INSERT INTO CARGOS_PER_AUX VALUES(7,'ASISTENTE DE MOVILIDAD REDUCIDA', 1700000);

-- **************************************
-- POBLADO TABLA DE PERSONAL_AUXILIAR
-- **************************************

INSERT INTO PERSONAL_AUXILIAR VALUES(1,'1488890123',1,'8300766573','68406',TRUE);
INSERT INTO PERSONAL_AUXILIAR VALUES(2,'1555567890',2,'9005218211','68705',TRUE);
INSERT INTO PERSONAL_AUXILIAR VALUES(3,'1566678901',3,'8002520008','68406',FALSE);
INSERT INTO PERSONAL_AUXILIAR VALUES(4,'1577789012',4,'9003016211','68001',TRUE);
INSERT INTO PERSONAL_AUXILIAR VALUES(5,'1588890123',1,'8300766573','68276',TRUE);

-- ************************************
-- POBLADO TABLA DE FORMAS DE PAGO 
-- ************************************
INSERT INTO FORMAS_DE_PAGO VALUES(1,'TARJETA DE CREDITO');
INSERT INTO FORMAS_DE_PAGO VALUES(2,'TARJETA DE DEBITO');
INSERT INTO FORMAS_DE_PAGO VALUES(3,'BILLETERAS DIGITALES');
INSERT INTO FORMAS_DE_PAGO VALUES(4,'TRANSFERENCIA BANCARIA');

-- ***********************************************
-- POBLADO TABLA DE TIPOS DE PLAN TURISTICOS 
-- ***********************************************
INSERT INTO TIPOS_DE_PLAN_TURISTICO VALUES(1,'ECOTURISMO');
INSERT INTO TIPOS_DE_PLAN_TURISTICO VALUES(2,'TURISMO GASTRONOMICO');
INSERT INTO TIPOS_DE_PLAN_TURISTICO VALUES(3,'TURISMO RELIGIOSO');
INSERT INTO TIPOS_DE_PLAN_TURISTICO VALUES(4,'TURISMO RURAL');
INSERT INTO TIPOS_DE_PLAN_TURISTICO VALUES(5,'TURISMO AVENTURA');
INSERT INTO TIPOS_DE_PLAN_TURISTICO VALUES(6,'TURISMO CULTURAL');
INSERT INTO TIPOS_DE_PLAN_TURISTICO VALUES(7,'TURISMO DE SALUD Y BIENESTAR');

-- ********************************************************************
-- POBLADO TABLA DE PLANES TURISTICOS (CON ENFOQUE EN ACCESIBILIDAD)
-- ********************************************************************

INSERT INTO PLANES_TURISTICOS VALUES(1, 'Aventura Cañón del Chicamocha', '3 días con rafting, canopy y avistamiento en el Chicamocha. Incluye transporte.', 5, 450000,'Silla todoterreno', TRUE,'9008763215','68679');
INSERT INTO PLANES_TURISTICOS VALUES(2, 'Vuelo BGA Premium', 'Tiquete aéreo ida y vuelta clase ejecutiva desde Bucaramanga. Válido por 6 meses.', 6, 800000,'Silla de pasillo', TRUE,'8901005776','68001');
INSERT INTO PLANES_TURISTICOS VALUES(3, 'Relax y Descanso Piedecuesta', 'Paquete de 4 noches todo incluido con acceso a spa en la zona rural de Piedecuesta.', 7, 850000,'Piscina adaptada', TRUE,'8060001793','68547');
INSERT INTO PLANES_TURISTICOS VALUES(4, 'Ruta Gastronómica Barichara', 'Tour de 8 horas por los mejores restaurantes y sabores de Barichara. Alojamiento opcional.', 2, 180000,'Menú Braille', TRUE,'8903040993','68079');
INSERT INTO PLANES_TURISTICOS VALUES(5, 'Senderismo Chicamocha', 'Caminata ecológica guiada de día completo por el Cañón del Chicamocha.', 1, 95000,'Guía de apoyo', TRUE,'9010058882','68001');
INSERT INTO PLANES_TURISTICOS VALUES(6, 'Tiquete Económico BGA', 'Vuelo Low Cost desde Bucaramanga a destino nacional a elección. Solo equipaje de mano.', 6, 150000,'Prioridad Discap.', TRUE,'8001857811','68001');
INSERT INTO PLANES_TURISTICOS VALUES(7, 'Pasadía Campestre Floridablanca', 'Día de campo con piscina y cabalgata en las afueras de Floridablanca. Almuerzo incluido.', 4, 180000,'Rampa acceso', TRUE,'8305551119','68276');
INSERT INTO PLANES_TURISTICOS VALUES(8, 'Ecoturismo en Rionegro', '5 días / 4 noches de ecoturismo de lujo en la serranía de Rionegro, transporte incluido.', 1, 110000,'Señalética visual', TRUE,'7028569447','68615');
INSERT INTO PLANES_TURISTICOS VALUES(9, 'Spa y Bienestar San Gil', 'Paquete de 2 días en hotel boutique con tratamientos detox y piscina cubierta en San Gil.', 7, 320000,'Acceso piscina térmica', TRUE,'9005218077','68679');
INSERT INTO PLANES_TURISTICOS VALUES(10,'Tour Histórico Girón', 'Recorrido guiado por el centro histórico de Girón con enfoque en patrimonio cultural.', 6, 85000,'Ruta adoquinada adaptada', TRUE,'9005218211','68307');
INSERT INTO PLANES_TURISTICOS VALUES(11,'Vuelo BGA - SAN GIL', 'Vuelo Bucaramanga a San Gil. Frecuencia diaria. Asistencia en silla de pasillo.', 6, 180000,'Silla de pasillo', TRUE,'8901005776','68406');
INSERT INTO PLANES_TURISTICOS VALUES(12,'Vuelo BGA - BARRANCABERMEJA', 'Vuelo Bucaramanga a Barrancabermeja. Lun-Mié-Vie. Silla de pasillo.', 6, 150000,'Silla de pasillo', TRUE,'8907041966','68081');
INSERT INTO PLANES_TURISTICOS VALUES(13,'Vuelo SAN GIL - BGA', 'Vuelo San Gil a Bucaramanga. Fines de semana. Abordaje asistido.', 6, 180000,'Abordaje asistido', TRUE,'9001551017','68679');
INSERT INTO PLANES_TURISTICOS VALUES(14,'Vuelo SAN GIL - BARRANCABERMEJA', 'Vuelo San Gil a Barrancabermeja. Martes y Jueves. Abordaje asistido.', 6, 220000,'Abordaje asistido', TRUE,'8999991434','68679');
INSERT INTO PLANES_TURISTICOS VALUES(15,'Vuelo BARRANCABERMEJA - BGA', 'Vuelo Barrancabermeja a Bucaramanga. Diario. Prioridad de acceso.', 6, 150000,'Prioridad Discap.', TRUE,'8001857811','68081');
INSERT INTO PLANES_TURISTICOS VALUES(16,'Vuelo BARRANCABERMEJA - SAN GIL', 'Vuelo Barrancabermeja a San Gil. Diario. Prioridad de acceso.', 6, 220000,'Prioridad Discap.', TRUE,'8001857811','68081');
INSERT INTO PLANES_TURISTICOS VALUES(17,'Cabaña Adaptada Sol y Luna', 'Cabaña con rampa de acceso en Alojamiento Campestre Sol y Luna. Noche por persona.', 4, 180000,'Rampa acceso', TRUE,'8305551119','68547');
INSERT INTO PLANES_TURISTICOS VALUES(18,'Suite Familiar Decamerón', 'Suite familiar con menú Braille y personal capacitado. Tarifa por noche.', 7, 450000,'Menú Braille', TRUE,'8060001793','68547');
INSERT INTO PLANES_TURISTICOS VALUES(19,'Habitación Doble Hotel Estelar', 'Habitación doble estándar con alerta visual para personas sordas. San Gil.', 7, 320000,'Alerta visual', TRUE,'8903040993','68679');
INSERT INTO PLANES_TURISTICOS VALUES(20,'Ejecutiva Superior GHL', 'Habitación ejecutiva con ascensor y baño adaptado. Floridablanca.', 7, 290000,'Ascensor', TRUE,'9007600116','68276');
INSERT INTO PLANES_TURISTICOS VALUES(21,'Habitación Inclusiva Movich', 'Habitación adaptada con baño especial y señalética para discapacidad. Rionegro.', 7, 380000,'Baño adaptado', TRUE,'9005218077','68615');
INSERT INTO PLANES_TURISTICOS VALUES(22,'Clásica Doble Hotel Dann', 'Habitación doble clásica con asistencia personalizada. Zapatoca.', 7, 260000,'Asistencia personal', TRUE,'8002469858','68872');
INSERT INTO PLANES_TURISTICOS VALUES(23,'Cabaña Eco Cerro del Santísimo', 'Cabaña ecológica con sendero accesible en las afueras de Floridablanca.', 4, 220000,'Sendero accesible', TRUE,'8305551119','68276');

-- ******************************
-- POBLADO TABLA DE RESERVAS
-- ******************************

INSERT INTO RESERVAS VALUES(1, 11, '2026-03-28', FALSE, 0, 13, 1, 1);
INSERT INTO RESERVAS VALUES(2, 2,  '2026-04-22', FALSE, 0, 9,  1, 3);
INSERT INTO RESERVAS VALUES(3, 11, '2026-04-10', TRUE,  2, 16, 1, 4);
INSERT INTO RESERVAS VALUES(4, 4,  '2026-04-02', FALSE, 0, 4,  2, 2);
INSERT INTO RESERVAS VALUES(5, 5,  '2026-04-15', FALSE, 0, 5,  1, 3);
INSERT INTO RESERVAS VALUES(6, 10, '2026-04-25', TRUE,  1, 1,  1, 1);
INSERT INTO RESERVAS VALUES(7, 6,  '2026-03-15', FALSE, 0, 10, 1, 3);
INSERT INTO RESERVAS VALUES(8, 11, '2026-04-22', TRUE,  1, 11, 1, 4);
INSERT INTO RESERVAS VALUES(9, 11, '2026-04-02', FALSE, 0, 18, 2, 2);
INSERT INTO RESERVAS VALUES(10, 11, '2026-04-15', FALSE, 0, 8,  1, 3);

-- ********************************************
-- POBLADO TABLA DE FACTURA ENCABEZADO VENTA
-- ********************************************

INSERT INTO FACTURA_ENCABEZADO_VENTA VALUES(1, '2026-03-29', 11, 1, '68679', 'PAGO');
INSERT INTO FACTURA_ENCABEZADO_VENTA VALUES(2, '2026-04-22', 2,  2, '68001', 'PAGO');
INSERT INTO FACTURA_ENCABEZADO_VENTA VALUES(3, '2026-04-10', 11, 3, '68081', 'PAGO');
INSERT INTO FACTURA_ENCABEZADO_VENTA VALUES(4, '2026-04-02', 4,  4, '68079', 'PAGO');
INSERT INTO FACTURA_ENCABEZADO_VENTA VALUES(5, '2026-04-15', 5,  5, '68001', 'PAGO');
INSERT INTO FACTURA_ENCABEZADO_VENTA VALUES(6, '2026-04-25', 10, 6, '68679', 'PAGO');
INSERT INTO FACTURA_ENCABEZADO_VENTA VALUES(7, '2026-03-15', 6,  7, '68307', 'PAGO');
INSERT INTO FACTURA_ENCABEZADO_VENTA VALUES(8, '2026-04-22', 11, 8, '68001', 'PAGO');
INSERT INTO FACTURA_ENCABEZADO_VENTA VALUES(9, '2026-04-02', 11, 9, '68547', 'PAGO');
INSERT INTO FACTURA_ENCABEZADO_VENTA VALUES(10,'2026-04-15', 11, 10,'68615', 'PAGO');

-- *****************************************
-- POBLADO TABLA DE FACTURA DETALLE VENTA
-- *****************************************

INSERT INTO FACTURA_DETALLE_VENTA VALUES(1,  1, 1, 13, 180000, 1, 180000, 0,  19, 214200);
INSERT INTO FACTURA_DETALLE_VENTA VALUES(2,  2, 1, 9,  320000, 3, 320000, 0,  19, 380800);
INSERT INTO FACTURA_DETALLE_VENTA VALUES(3,  3, 1, 16, 220000, 4, 220000, 0,  19, 261800);
INSERT INTO FACTURA_DETALLE_VENTA VALUES(4,  4, 1, 4,  180000, 2, 180000, 0,  19, 214200);
INSERT INTO FACTURA_DETALLE_VENTA VALUES(5,  5, 1, 5,  95000,  3, 95000,  0,  19, 113050);
INSERT INTO FACTURA_DETALLE_VENTA VALUES(6,  6, 1, 1,  450000, 1, 450000, 0,  19, 535500);
INSERT INTO FACTURA_DETALLE_VENTA VALUES(7,  7, 1, 10, 85000,  3, 85000,  0,  19, 101150);
INSERT INTO FACTURA_DETALLE_VENTA VALUES(8,  8, 1, 11, 180000, 4, 180000, 0,  19, 214200);
INSERT INTO FACTURA_DETALLE_VENTA VALUES(9,  9, 1, 18, 450000, 2, 450000, 0,  19, 535500);
INSERT INTO FACTURA_DETALLE_VENTA VALUES(10, 10, 1, 8,  110000, 3, 110000, 10, 19, 117810);

-- ***************************
-- POBLADO TABLA AUDITORIA
-- ***************************
INSERT INTO SOPORTE_VIAJERO VALUES(DEFAULT, 11, '8901005776', 1,    '2026-05-04 10:30', 'Asistencia en silla no estaba disponible al abordar', 'ALTA',  'ABIERTA',    NULL, NULL);
INSERT INTO SOPORTE_VIAJERO VALUES(DEFAULT, 8,  '8901005776', NULL, '2026-05-03 14:15', 'Guía visual no se presentó en el gate asignado',      'ALTA',  'EN_PROCESO', 'Se asignó nuevo guía y se generó compensación.', NULL);
INSERT INTO SOPORTE_VIAJERO VALUES(DEFAULT, 6,  '8901005776', 7,    '2026-05-02 09:00', 'Solicitud de intérprete de lengua de señas',         'MEDIA', 'RESUELTA',   'Se coordinó intérprete LSC para el vuelo.', '2026-05-02 15:00');
INSERT INTO SOPORTE_VIAJERO VALUES(DEFAULT, 11, '8901005776', 8,    '2026-05-01 11:45', 'Verificación documentación perro guía',              'MEDIA', 'RESUELTA',   'Documentación validada. Perro admitido.', '2026-05-01 14:30');
INSERT INTO SOPORTE_VIAJERO VALUES(DEFAULT, 1,  '8901005776', NULL, '2026-04-29 08:20', 'Solicitud embarque prioritario por movilidad reducida', 'BAJA', 'RESUELTA', 'Embarque prioritario confirmado en check-in.', '2026-04-29 09:00');